{
    "experiment_name": "WNCA IOSB denorm",
    "S_w": 9.419005594135802e-06,
    "a_c": 0.006510416666666666,
    "x_predTo": 277.77777777777777,
    "particle_size": [
        1.3888888888888888,
        20.13888888888889
    ],
    "t_range": [
        136,
        140
    ],
    "y_range": [
        364.58333333333337,
        392.36111111111114
    ],
    "t_range_with_extents": [
        135.6,
        140.4
    ],
    "y_range_with_extents": [
        361.11111111111114,
        395.83333333333337
    ],
    "time_unit": "ms",
    "length_unit": "mm",
    "result_dir": "/mnt/experiments/for_SBSC24_paper/WNCA IOSB denorm",
    "save_results": true,
    "no_show": true,
    "x_L": [
        192.34465429991278,
        2.1263708550931826,
        379.1268533016024,
        -0.03295903956829634
    ],
    "C_L": [
        [
            0.22947829417595972,
            0.006014323853667991,
            0.0,
            0.0
        ],
        [
            0.006014323853667991,
            0.00033846737086228707,
            0.0,
            0.0
        ],
        [
            0.0,
            0.0,
            0.22947829417595972,
            0.006014323853667991
        ],
        [
            0.0,
            0.0,
            0.006014323853667991,
            0.00033846737086228707
        ]
    ],
    "t_L": 100
}