{
    "experiment_name": "CA_Sw100000_denorm",
    "x_L": [
        29.0304,
        599.9616,
        425.7792,
        64.96,
        25.984,
        363.776
    ],
    "C_L": [
        [
            0.00187280916,
            0.187280916,
            7.49123666,
            0,
            0,
            0
        ],
        [
            0.187280916,
            28.0921375,
            1404.60687,
            0,
            0,
            0
        ],
        [
            7.49123666,
            1404.60687,
            121732.596,
            0,
            0,
            0
        ],
        [
            0,
            0,
            0,
            0.00337584128,
            0.337584128,
            13.5033651
        ],
        [
            0,
            0,
            0,
            0.337584128,
            50.6376192,
            2531.88096
        ],
        [
            0,
            0,
            0,
            13.5033651,
            2531.88096,
            219429.683
        ]
    ],
    "t_L": 0,
    "S_w": 936404582.4,
    "x_predTo": 62.5,
    "t_range": [
        0.025,
        0.1
    ],
    "y_range": [
        50,
        85
    ],
    "result_dir": "/mnt/results/CA_Sw100000_denorm",
    "save_results": true,
    "no_show": true
}