{
    "experiment_name": "CV_Long_Track_Sw1_denorm",
    "x_L": [
        29.0304,
        599.9616,
        64.96,
        25.984
    ],
    "C_L": [
        [
            0.00187280916,
            0.187280916,
            0,
            0
        ],
        [
            0.187280916,
            56.1842749,
            0,
            0
        ],
        [
            0,
            0,
            0.00337584128,
            0.337584128
        ],
        [
            0,
            0,
            0.337584128,
            101.275238
        ]
    ],
    "t_L": 0,
    "S_w": 9364.045824,
    "x_predTo": 62.5,
    "t_range": [
        0.05,
        0.062
    ],
    "y_range": [
        62,
        71
    ],
    "result_dir": "/mnt/experiments/for_paper/CV_Long_Track_Sw1_denorm",
    "save_results": true,
    "no_show": true
}